<?xml version="1.0" encoding="UTF-8"?>
<project-private xmlns="http://www.netbeans.org/ns/project-private/1">
    <editor-bookmarks xmlns="http://www.netbeans.org/ns/editor-bookmarks/2" lastBookmarkId="0"/>
    <open-files xmlns="http://www.netbeans.org/ns/projectui-open-files/2">
        <group>
            <file>file:/C:/Users/hp-pc/Documents/NetBeansProjects/Book%20My%20Seat/src/java/com/bookmyseat/user/servlet/Rough.java</file>
            <file>file:/C:/Users/hp-pc/Documents/NetBeansProjects/Book%20My%20Seat/src/java/com/bookmyseat/user/servlet/MovieHallSeats.java</file>
            <file>file:/C:/Users/hp-pc/Documents/NetBeansProjects/Book%20My%20Seat/src/java/com/bookmyseat/user/servlet/Submission.java</file>
            <file>file:/C:/Users/hp-pc/Documents/NetBeansProjects/Book%20My%20Seat/src/java/com/bookmyseat/user/servlet/SeatTypeAndNumber.java</file>
            <file>file:/C:/Users/hp-pc/Documents/NetBeansProjects/Book%20My%20Seat/web/index.html</file>
            <file>file:/C:/Users/hp-pc/Documents/NetBeansProjects/Book%20My%20Seat/web/WEB-INF/web.xml</file>
            <file>file:/C:/Users/hp-pc/Documents/NetBeansProjects/Book%20My%20Seat/src/java/com/bookmyseat/admin/dao/HallDAO.java</file>
            <file>file:/C:/Users/hp-pc/Documents/NetBeansProjects/Book%20My%20Seat/src/java/com/bookmyseat/admin/model/Movie.java</file>
            <file>file:/C:/Users/hp-pc/Documents/NetBeansProjects/Book%20My%20Seat/web/userloginpage.html</file>
            <file>file:/C:/Users/hp-pc/Documents/NetBeansProjects/Book%20My%20Seat/src/java/com/bookmyseat/user/servlet/Profile.java</file>
            <file>file:/C:/Users/hp-pc/Documents/NetBeansProjects/Book%20My%20Seat/src/java/com/bookmyseat/user/model/User.java</file>
            <file>file:/C:/Users/hp-pc/Documents/NetBeansProjects/Book%20My%20Seat/src/java/com/bookmyseat/admin/dao/MovieDAO.java</file>
            <file>file:/C:/Users/hp-pc/Documents/NetBeansProjects/Book%20My%20Seat/src/java/com/bookmyseat/admin/model/Hall.java</file>
            <file>file:/C:/Users/hp-pc/Documents/NetBeansProjects/Book%20My%20Seat/src/java/com/bookmyseat/connection/ConnectionDB.java</file>
            <file>file:/C:/Users/hp-pc/Documents/NetBeansProjects/Book%20My%20Seat/src/java/com/bookmyseat/user/servlet/HomePage.java</file>
            <file>file:/C:/Users/hp-pc/Documents/NetBeansProjects/Book%20My%20Seat/web/usersignup.html</file>
            <file>file:/C:/Users/hp-pc/Documents/NetBeansProjects/Book%20My%20Seat/src/java/com/bookmyseat/user/servlet/UserLogin.java</file>
            <file>file:/C:/Users/hp-pc/Documents/NetBeansProjects/Book%20My%20Seat/src/java/com/bookmyseat/user/servlet/UserSignUp.java</file>
            <file>file:/C:/Users/hp-pc/Documents/NetBeansProjects/Book%20My%20Seat/src/java/com/bookmyseat/user/dao/UserDAO.java</file>
        </group>
    </open-files>
</project-private>
